Workbook

Sheet Blad1
A1: vassaro.github.io/naturetrail/
A2: djur/
A3: älg | B3: bäver | C3: ekorre | D3: grävling | E3: hackspett | F3: hare | G3: hund | H3: järpe | I3: kattuggla | J3: korsnäbb | K3: orre | L3: rådjur | M3: räv | N3: skogsmus | O3: tjäder | P3: varg | Q3: vidar | R3: vildsvin
A4: =CONCATENATE($A$1,$A$2,A3) -> vassaro.github.io/naturetrail/djur/älg | B4: =CONCATENATE($A$1,$A$2,B3) -> vassaro.github.io/naturetrail/djur/bäver | C4: =CONCATENATE($A$1,$A$2,C3) -> vassaro.github.io/naturetrail/djur/ekorre | D4: =CONCATENATE($A$1,$A$2,D3) -> vassaro.github.io/naturetrail/djur/grävling | E4: =CONCATENATE($A$1,$A$2,E3) -> vassaro.github.io/naturetrail/djur/hackspett | F4: =CONCATENATE($A$1,$A$2,F3) -> vassaro.github.io/naturetrail/djur/hare | G4: =CONCATENATE($A$1,$A$2,G3) -> vassaro.github.io/naturetrail/djur/hund | H4: =CONCATENATE($A$1,$A$2,H3) -> vassaro.github.io/naturetrail/djur/järpe | ... X4: =CONCATENATE($A$1,$A$2,X3) -> vassaro.github.io/naturetrail/djur/
A5: =IF(A3<>"",_xlfn.IMAGE("https://api.excelapi.org/other/qrcode?text="&_xlfn.ENCODEURL(A4)),"-") -> #VALUE! | B5: =IF(B3<>"",_xlfn.IMAGE("https://api.excelapi.org/other/qrcode?text="&_xlfn.ENCODEURL(CONCATENATE($A$1,$A$2,B3))),"-") -> #VALUE! | C5: =IF(C3<>"",_xlfn.IMAGE("https://api.excelapi.org/other/qrcode?text="&_xlfn.ENCODEURL(CONCATENATE($A$1,$A$2,C3))),"-") -> #VALUE! | D5: =IF(D3<>"",_xlfn.IMAGE("https://api.excelapi.org/other/qrcode?text="&_xlfn.ENCODEURL(CONCATENATE($A$1,$A$2,D3))),"-") -> #VALUE! | E5: =IF(E3<>"",_xlfn.IMAGE("https://api.excelapi.org/other/qrcode?text="&_xlfn.ENCODEURL(CONCATENATE($A$1,$A$2,E3))),"-") -> #VALUE! | F5: =IF(F3<>"",_xlfn.IMAGE("https://api.excelapi.org/other/qrcode?text="&_xlfn.ENCODEURL(CONCATENATE($A$1,$A$2,F3))),"-") -> #VALUE! | G5: =IF(G3<>"",_xlfn.IMAGE("https://api.excelapi.org/other/qrcode?text="&_xlfn.ENCODEURL(CONCATENATE($A$1,$A$2,G3))),"-") -> #VALUE! | H5: =IF(H3<>"",_xlfn.IMAGE("https://api.excelapi.org/other/qrcode?text="&_xlfn.ENCODEURL(CONCATENATE($A$1,$A$2,H3))),"-") -> #VALUE! | I5: =IF(I3<>"",_xlfn.IMAGE("https://api.excelapi.org/other/qrcode?text="&_xlfn.ENCODEURL(CONCATENATE($A$1,$A$2,I3))),"-") -> #VALUE! | ... X5: =IF(X3<>"",_xlfn.IMAGE("https://api.excelapi.org/other/qrcode?text="&_xlfn.ENCODEURL(CONCATENATE($A$1,$A$2,X3))),"-") -> -

Sheet Blad2
A1: Vässarö Naturljud | B1: =A1 -> Vässarö Naturljud | C1: =B1 -> Vässarö Naturljud | D1: =C1 -> Vässarö Naturljud | E1: =D1 -> Vässarö Naturljud | F1: =E1 -> Vässarö Naturljud | G1: =F1 -> Vässarö Naturljud | H1: =G1 -> Vässarö Naturljud | I1: =H1 -> Vässarö Naturljud | ... S1: =R1 -> Vässarö Naturljud
A2: =CONCATENATE(UPPER(LEFT(Blad1!A3,1)),RIGHT(Blad1!A3,LEN(Blad1!A3)-1)) -> Älg | B2: =CONCATENATE(UPPER(LEFT(Blad1!B3,1)),RIGHT(Blad1!B3,LEN(Blad1!B3)-1)) -> Bäver | C2: =CONCATENATE(UPPER(LEFT(Blad1!C3,1)),RIGHT(Blad1!C3,LEN(Blad1!C3)-1)) -> Ekorre | D2: =CONCATENATE(UPPER(LEFT(Blad1!D3,1)),RIGHT(Blad1!D3,LEN(Blad1!D3)-1)) -> Grävling | E2: =CONCATENATE(UPPER(LEFT(Blad1!E3,1)),RIGHT(Blad1!E3,LEN(Blad1!E3)-1)) -> Hackspett | F2: =CONCATENATE(UPPER(LEFT(Blad1!F3,1)),RIGHT(Blad1!F3,LEN(Blad1!F3)-1)) -> Hare | G2: =CONCATENATE(UPPER(LEFT(Blad1!G3,1)),RIGHT(Blad1!G3,LEN(Blad1!G3)-1)) -> Hund | H2: =CONCATENATE(UPPER(LEFT(Blad1!H3,1)),RIGHT(Blad1!H3,LEN(Blad1!H3)-1)) -> Järpe | ... S2: =CONCATENATE(UPPER(LEFT(Blad1!S3,1)),RIGHT(Blad1!S3,LEN(Blad1!S3)-1)) -> #VALUE!
A3: =Blad1!A5 -> #VALUE! | B3: =Blad1!B5 -> #VALUE! | C3: =Blad1!C5 -> #VALUE! | D3: =Blad1!D5 -> #VALUE! | E3: =Blad1!E5 -> #VALUE! | F3: =Blad1!F5 -> #VALUE! | G3: =Blad1!G5 -> #VALUE! | H3: =Blad1!H5 -> #VALUE! | ... S3: =Blad1!S5 -> -
A4: =Blad1!A4 -> vassaro.github.io/naturetrail/djur/älg | B4: =Blad1!B4 -> vassaro.github.io/naturetrail/djur/bäver | C4: =Blad1!C4 -> vassaro.github.io/naturetrail/djur/ekorre | D4: =Blad1!D4 -> vassaro.github.io/naturetrail/djur/grävling | E4: =Blad1!E4 -> vassaro.github.io/naturetrail/djur/hackspett | F4: =Blad1!F4 -> vassaro.github.io/naturetrail/djur/hare | G4: =Blad1!G4 -> vassaro.github.io/naturetrail/djur/hund | H4: =Blad1!H4 -> vassaro.github.io/naturetrail/djur/järpe | ... S4: =Blad1!S4 -> vassaro.github.io/naturetrail/djur/
